{
	"description": "项目配置文件。",
	"setting": {
		"urlCheck": true,
		"es6": true,
		"postcss": false,
		"preloadBackgroundData": false,
		"minified": true,
		"newFeature": true,
		"coverView": true,
		"autoAudits": false,
		"showShadowRootInWxmlPanel": true,
		"scopeDataCheck": false,
		"checkInvalidKey": true,
		"checkSiteMap": true,
		"uploadWithSourceMap": true,
		"babelSetting": {
			"ignore": [],
			"disablePlugins": [],
			"outputPath": ""
		},
		"useIsolateContext": true,
		"useCompilerModule": true,
		"userConfirmedUseCompilerModuleSwitch": false
	},
	"compileType": "miniprogram",
	"libVersion": "1.7.2",
	"appid": "wx8fa5be9e13977e6d",
	"projectname": "%E7%A7%BB%E6%B0%91%E6%B5%B7%E9%82%A3%E8%BE%B9",
	"simulatorType": "wechat",
	"simulatorPluginLibVersion": {},
	"condition": {
		"search": {
			"current": -1,
			"list": []
		},
		"conversation": {
			"current": -1,
			"list": []
		},
		"plugin": {
			"current": -1,
			"list": []
		},
		"game": {
			"list": []
		},
		"miniprogram": {
			"current": 3,
			"list": [
				{
					"id": -1,
					"name": "ConditionTest",
					"pathName": "pages/ConditionTest/ConditionTest",
					"query": ""
				},
				{
					"id": -1,
					"name": "ProjectCompare",
					"pathName": "pages/ProjectCompare/ProjectCompare",
					"query": "pid=12021080,12021082,12021056"
				},
				{
					"id": -1,
					"name": "/Home",
					"pathName": "pages/Home/Home",
					"query": "id=2",
					"scene": "1001"
				},
				{
					"id": 3,
					"name": "IMAssession",
					"pathName": "pages/IMAssession/IMAssession",
					"query": "channel=assess.hnbym.menu.20181204",
					"scene": null
				}
			]
		}
	}
}